id,mass,width,height,color_score,fruit_name
F001,192,8.4,7.3,0.55,apple
F002,180,8.0,6.8,0.59,apple
F003,86,6.2,4.7,0.80,mandarin
F004,84,6.0,4.6,0.79,mandarin
F005,80,5.8,4.3,0.77,mandarin
F006,80,5.9,4.3,0.81,mandarin
F007,178,7.1,7.8,0.92,apple
F008,172,7.4,7.0,0.89,apple
F009,172,7.1,7.6,0.92,apple
F010,154,7.0,7.1,0.88,apple
F011,164,7.3,7.7,0.70,apple
F012,152,7.6,7.3,0.69,apple
F013,156,7.7,7.1,0.69,apple
F014,156,7.6,7.5,0.67,apple
F015,162,7.5,7.1,0.83,apple
F016,162,7.4,7.2,0.85,apple
F017,160,7.5,7.5,0.86,apple
F018,156,7.4,7.4,0.84,apple
F019,140,7.3,7.1,0.87,apple
F020,342,9.0,9.4,0.75,orange
F021,356,9.2,9.2,0.75,orange
F022,204,7.5,9.2,0.77,orange
F023,140,6.7,7.1,0.72,orange
F024,160,7.0,7.4,0.81,orange
F025,158,7.1,7.5,0.79,orange
F026,210,7.8,8.0,0.82,orange
F027,190,7.5,8.1,0.74,orange
F028,142,7.6,7.8,0.75,orange
F029,160,7.1,7.6,0.76,orange
F030,154,7.3,7.3,0.79,orange
F031,158,7.2,7.8,0.77,orange
F032,144,6.8,7.4,0.75,orange
F033,154,7.1,7.5,0.78,orange
F034,180,7.6,8.2,0.79,orange
F035,154,7.2,7.2,0.82,orange
F036,200,7.3,10.5,0.72,lemon
F037,186,7.2,9.2,0.72,lemon
F038,216,7.3,10.2,0.71,lemon
F039,196,7.3,9.7,0.72,lemon
F040,174,7.3,10.1,0.72,lemon
F041,116,6.0,7.5,0.72,lemon
F042,118,5.9,8.0,0.72,lemon
F043,120,6.0,8.4,0.74,lemon
F044,116,6.1,8.5,0.71,lemon
F045,116,6.3,7.7,0.72,lemon
F046,116,5.9,8.1,0.73,lemon
F047,152,6.5,8.5,0.72,lemon
F048,118,6.1,8.1,0.70,lemon
G001,440,10.4,10.1,0.76,grapefruit
G002,496,11.0,10.6,0.78,grapefruit
G003,462,10.6,9.9,0.74,grapefruit
G004,418,10.2,9.8,0.77,grapefruit
G005,478,10.8,10.4,0.75,grapefruit
L001,96,5.6,6.2,0.68,lime
L002,104,5.9,6.6,0.72,lime
L003,88,5.4,5.9,0.67,lime
